{
    "result" : {
    "clients" : [
            {
              "imagepath": "dashboard/boy-2.png",
              "title": "Nick Stone",
              "position": "Developer",
              "desc": "Contrary to popular belief, Lorem Ipsum is not simply random text. It has roots in a piece of classical Latin literature from 45 BC, making it over 2000 years old. Richard McClintock, a Latin professor at Hampden-Sydney College in Virginia"
            },
            {
              "imagepath": "dashboard/boy-2.png",
              "title": "Poio klot",
              "position": "Designer",
              "desc": "Contrary to popular belief, Lorem Ipsum is not simply random text. It has roots in a piece of classical Latin literature from 45 BC, making it over 2000 years old. Richard McClintock, a Latin professor at Hampden-Sydney College in Virginia"
            },
            {
              "imagepath": "dashboard/boy-2.png",
              "title": "Scarlett john",
              "position": "ceo",
              "desc": "Contrary to popular belief, Lorem Ipsum is not simply random text. It has roots in a piece of classical Latin literature from 45 BC, making it over 2000 years old. Richard McClintock, a Latin professor at Hampden-Sydney College in Virginia"
            }
                ],
    "cartProducts" : [
            {
              "details": "Simply dummy text of the printing",
              "qty": "1",
              "status": "pending",
              "statusColor":"primary",
              "price": "6523",
              "className": "pill-badge-secondary"
            },
            {
              "details": "Long established",
              "qty": "5",
              "status": "cancle",
              "statusColor":"secondary",
              "price": "6565",
              "className": "pill-badge-success"
            },
            {
              "details": "sometimes by accident",
              "qty": "10",
              "status": "cancle",
              "statusColor":"primary",
              "price": "9361",
              "className": "pill-badge-warning"
            },
            {
              "details": "Classical Latin literature",
              "qty": "9",
              "status": "return",
              "statusColor":"primary",
              "price": "2658",
              "className": "pill-badge-primary"
            },
            {
              "details": "keep the site on the Internet",
              "qty": "8",
              "status": "pending",
              "statusColor":"primary",
              "price": "6328",
              "className": "pill-badge-secondary"
            },
            {
              "details": "Molestiae consequatur",
              "qty": "3",
              "status": "cancle",
              "statusColor":"secondary",
              "price": "4852",
              "className": "pill-badge-info"
            },
            {
              "details": "Pain can procure",
              "qty": "8",
              "status": "return",
              "statusColor":"primary",
              "price": "3589",
              "className": "pill-badge-primary"
            }
                        ],
    "employeeStatus" : [
            {
              "imagepath": "user/4.jpg",
              "title": "John Deo",
              "online": "14+ online",
              "position": "Designer",
              "skill": "30%",
              "exp": "2 year",
              "classname": "primary"
            },
            {
              "imagepath": "user/1.jpg",
              "title": "Holio Mako",
              "online": "250+ online",
              "position": "Developer",
              "skill": "70%",
              "exp": "3 year",
              "classname": "secondary"
            },
            {
              "imagepath": "user/5.jpg",
              "title": "Mohsib lara",
              "online": "99+ online",
              "position": "tester",
              "skill": "60%",
              "exp": "5 month",
              "classname": "primary"
            },
            {
              "imagepath": "user/6.jpg",
              "title": "Hileri Soli",
              "online": "150+ online",
              "position": "Designer",
              "skill": "25%",
              "exp": "3 month",
              "classname": "secondary"
            },
            {
              "imagepath": "user/7.jpg",
              "title": "Pusiz bia",
              "online": "19+ online",
              "position": "Developer",
              "skill": "90%",
              "exp": "5 year",
              "classname": "primary"
            }
                        ]
    }
}
