[    
    {
        "Id": 1,
        "img":  "faq/3.jpg",
        "date": "15 April 2019",
        "writer": "Admin",
        "hits": "0",
        "short_description": [
            "Perspiciatis unde omnis iste natus error sit.Dummy text"
        ]
    },
    {
        "Id": 2,
        "img": "faq/2.jpg",
        "date": "15 April 2019",
        "writer": "Admin",
        "hits": "0",
        "short_description": [
            "Perspiciatis unde omnis iste natus error sit.Dummy text"
        ]
    },
    {
        "Id": 3,
        "img": "faq/2.jpg",
        "date": "15 April 2019",
        "writer": "Admin",
        "hits": "0",
        "short_description": [
            "Perspiciatis unde omnis iste natus error sit.Dummy text"
        ]
    },
    {
        "Id": 4,
        "img": "faq/1.jpg",
        "date": "15 April 2019",
        "writer": "Admin",
        "hits": "0",
        "short_description": [
            "Perspiciatis unde omnis iste natus error sit.Dummy text"
        ]
    },
    {
        "Id": 5,
        "img": "faq/3.jpg",
        "date": "15 April 2019",
        "writer": "Admin",
        "hits": "0",
        "short_description": [
            "Perspiciatis unde omnis iste natus error sit.Dummy text"
        ]
    },
    {
        "Id": 6,
        "img": "faq/2.jpg",
        "date": "15 April 2019",
        "writer": "Admin",
        "hits": "0",
        "short_description": [
            "Perspiciatis unde omnis iste natus error sit.Dummy text"
        ]
    }
]